estimator,estimate,se,lower,upper,rep,truth
Naive comparison,0.0887559064162754,0.004649775410783672,0.0796425140030542,0.0978692988294966,0,0.06088195726098464
Outcome regression,0.04698934028482967,,,,0,0.06088195726098464
IPW,0.05085220005028748,0.006895609156978694,0.03733705434453889,0.06436734575603607,0,0.06088195726098464
AIPW,0.049052313086853504,0.006805606175686324,0.03571356998433063,0.062391056189376376,0,0.06088195726098464
TMLE,0.0490504402139782,0.006811205842883731,0.03570072196533643,0.06240015846261997,0,0.06088195726098464
Naive comparison,0.09730066185471099,0.004661005393708858,0.08816525907923581,0.10643606463018618,1,0.06088195726098464
Outcome regression,0.06172879848000875,,,,1,0.06088195726098464
IPW,0.06418938657721289,0.007758878452591884,0.04898226412975709,0.07939650902466869,1,0.06088195726098464
AIPW,0.06298948831157536,0.007678284009210896,0.047940328071746335,0.07803864855140438,1,0.06088195726098464
TMLE,0.06288566167590066,0.007713320576762405,0.04776783102498711,0.07800349232681422,1,0.06088195726098464
Naive comparison,0.10721907846693085,0.004672058195112348,0.09806201259860567,0.11637614433525603,2,0.06088195726098464
Outcome regression,0.06984028014518615,,,,2,0.06088195726098464
IPW,0.0765670696688055,0.006827727467880706,0.06318496962994816,0.08994916970766284,2,0.06088195726098464
AIPW,0.07467979258875401,0.0067663834075219215,0.06141792469981372,0.0879416604776943,2,0.06088195726098464
TMLE,0.07490779653912977,0.006759164117667188,0.061660078198410316,0.08815551487984923,2,0.06088195726098464
Naive comparison,0.09665802921306749,0.004654156359600457,0.08753605029787953,0.10578000812825544,3,0.06088195726098464
Outcome regression,0.04741827606133551,,,,3,0.06088195726098464
IPW,0.057759476633746795,0.006438150008861802,0.04514093438977798,0.07037801887771561,3,0.06088195726098464
AIPW,0.058070621157747186,0.006555713285694984,0.045221659123463306,0.07091958319203107,3,0.06088195726098464
TMLE,0.05706888215881451,0.006402388043403163,0.04452043207971387,0.06961733223791515,3,0.06088195726098464
Naive comparison,0.09573556939142272,0.004666174948315572,0.08659003447502234,0.1048811043078231,4,0.06088195726098464
Outcome regression,0.05393210979591742,,,,4,0.06088195726098464
IPW,0.057971481961977045,0.006728227856149561,0.04478439758012673,0.07115856634382736,4,0.06088195726098464
AIPW,0.05645646689223403,0.006631368215443413,0.04345922391922069,0.06945370986524736,4,0.06088195726098464
TMLE,0.05646604314687966,0.006633255991578652,0.0434651002006012,0.06946698609315813,4,0.06088195726098464
Naive comparison,0.095515681951371,0.004665972154554025,0.08637054450344267,0.10466081939929933,5,0.06088195726098464
Outcome regression,0.05169981960707244,,,,5,0.06088195726098464
IPW,0.06310288511599445,0.006863476788339761,0.0496507176960129,0.076555052535976,5,0.06088195726098464
AIPW,0.06270563343191644,0.0068513827453650115,0.049277169900779856,0.07613409696305304,5,0.06088195726098464
TMLE,0.06297454354930646,0.006810027292983151,0.04962713521604203,0.07632195188257089,5,0.06088195726098464
Naive comparison,0.09566222692117633,0.004664699390044088,0.08651958404586796,0.1048048697964847,6,0.06088195726098464
Outcome regression,0.05400975614132264,,,,6,0.06088195726098464
IPW,0.062065801444260923,0.006610801257563929,0.04910886896828089,0.07502273392024095,6,0.06088195726098464
AIPW,0.06062688607071572,0.0065388719485882625,0.04781093245087288,0.07344283969055856,6,0.06088195726098464
TMLE,0.060903014714802244,0.006530645680725438,0.04810318428382489,0.0737028451457796,6,0.06088195726098464
Naive comparison,0.10247240667108162,0.0046551019296710025,0.09334857447259592,0.11159623886956732,7,0.06088195726098464
Outcome regression,0.06417348446511091,,,,7,0.06088195726098464
IPW,0.0736659247461957,0.006537224811364259,0.06085319945601496,0.08647865003637643,7,0.06088195726098464
AIPW,0.07175051180135947,0.006483723122979778,0.05904264789435153,0.08445837570836741,7,0.06088195726098464
TMLE,0.07175536551023776,0.006460913549186088,0.059092207546720794,0.08441852347375473,7,0.06088195726098464
Naive comparison,0.09881344173971686,0.0046900001917857285,0.08962121020382374,0.10800567327560998,8,0.06088195726098464
Outcome regression,0.05372967184347559,,,,8,0.06088195726098464
IPW,0.05768214446262285,0.007122078039870737,0.04372312789928564,0.07164116102596006,8,0.06088195726098464
AIPW,0.05508962977337143,0.0070086770235188115,0.04135287511964741,0.06882638442709546,8,0.06088195726098464
TMLE,0.05506391755560664,0.007018323549609926,0.04130825605801897,0.06881957905319432,8,0.06088195726098464
Naive comparison,0.09739129764751317,0.00464510736734294,0.08828705443138624,0.1064955408636401,9,0.06088195726098464
Outcome regression,0.05497110921891333,,,,9,0.06088195726098464
IPW,0.058149991747660085,0.006718223491808663,0.04498251555976081,0.07131746793555936,9,0.06088195726098464
AIPW,0.055739524098613435,0.006483450942788331,0.043032193654982245,0.06844685454224463,9,0.06088195726098464
TMLE,0.05579595500209729,0.006482163148468571,0.043091148588972235,0.06850076141522235,9,0.06088195726098464
Naive comparison,0.09936216769892636,0.0046282424366406,0.09029097913983851,0.10843335625801422,10,0.06088195726098464
Outcome regression,0.05858569894747842,,,,10,0.06088195726098464
IPW,0.06645896607250087,0.0068124755654338865,0.05310675921337081,0.07981117293163094,10,0.06088195726098464
AIPW,0.06540611027988864,0.006842452313486753,0.051995150073737895,0.07881707048603939,10,0.06088195726098464
TMLE,0.06503646606291558,0.006794476336399208,0.05171953704472124,0.07835339508110992,10,0.06088195726098464
Naive comparison,0.09869680659982855,0.004619511757455757,0.08964272985763853,0.10775088334201856,11,0.06088195726098464
Outcome regression,0.05805341584149416,,,,11,0.06088195726098464
IPW,0.06375388615744274,0.007034430415650437,0.049966655782262843,0.07754111653262263,11,0.06088195726098464
AIPW,0.06259477991087305,0.006905436648764809,0.049060372675013376,0.07612918714673272,11,0.06088195726098464
TMLE,0.06253401657704885,0.006896296110509416,0.04901752446711037,0.07605050868698733,11,0.06088195726098464
Naive comparison,0.09720693201868952,0.004637906425573929,0.08811680238919593,0.1062970616481831,12,0.06088195726098464
Outcome regression,0.0531554699377519,,,,12,0.06088195726098464
IPW,0.061185952837448945,0.006805714522359432,0.047846997379347264,0.07452490829555063,12,0.06088195726098464
AIPW,0.060863619831673495,0.0067684316135486625,0.047597737532656205,0.07412950213069079,12,0.06088195726098464
TMLE,0.06024365974428996,0.006766505429695318,0.046981552696282604,0.07350576679229731,12,0.06088195726098464
Naive comparison,0.09511830604699517,0.004665232491012961,0.08597461831297945,0.10426199378101089,13,0.06088195726098464
Outcome regression,0.054838159622677816,,,,13,0.06088195726098464
IPW,0.05903859759139962,0.006411134906169353,0.046473003976164315,0.07160419120663493,13,0.06088195726098464
AIPW,0.05737188357080464,0.006315154460730034,0.04499440817333436,0.06974935896827492,13,0.06088195726098464
TMLE,0.05742627624496373,0.006316290317188642,0.04504657460972541,0.06980597788020204,13,0.06088195726098464
Naive comparison,0.10000140262171998,0.004651824873077199,0.0908839933361841,0.10911881190725586,14,0.06088195726098464
Outcome regression,0.05586096503011828,,,,14,0.06088195726098464
IPW,0.0602864349355703,0.00765717907309455,0.04527863961075161,0.07529423026038899,14,0.06088195726098464
AIPW,0.05778399464048161,0.007313923213452592,0.043448968443350215,0.07211902083761301,14,0.06088195726098464
TMLE,0.057715355931348855,0.007383114012193927,0.0432447182595532,0.07218599360314451,14,0.06088195726098464
Naive comparison,0.09995606763753379,0.004644931945697643,0.09085216824151646,0.10905996703355111,15,0.06088195726098464
Outcome regression,0.05835577870834663,,,,15,0.06088195726098464
IPW,0.06674740127968808,0.00655001783392077,0.05390960212584539,0.07958520043353076,15,0.06088195726098464
AIPW,0.06535298444646655,0.006504937268435579,0.052603541578074474,0.07810242731485861,15,0.06088195726098464
TMLE,0.06547401472479446,0.006476569111736087,0.05278017242227975,0.07816785702730916,15,0.06088195726098464
Naive comparison,0.09867469168291391,0.004688427610049632,0.0894855423506106,0.10786384101521723,16,0.06088195726098464
Outcome regression,0.05676319522006935,,,,16,0.06088195726098464
IPW,0.05941465832905796,0.006827737037545313,0.04603253953400249,0.07279677712411342,16,0.06088195726098464
AIPW,0.058409350632777655,0.0066231309999195175,0.045428252305651395,0.07139044895990392,16,0.06088195726098464
TMLE,0.05874180969147977,0.006630467230606862,0.04574633261631062,0.07173728676664892,16,0.06088195726098464
Naive comparison,0.09670561751276709,0.004666564489914577,0.08755931910885616,0.10585191591667802,17,0.06088195726098464
Outcome regression,0.05496306551359497,,,,17,0.06088195726098464
IPW,0.05729622273772271,0.007459523174481785,0.04267582585857269,0.07191661961687273,17,0.06088195726098464
AIPW,0.05565683384726763,0.007306838776975286,0.04133569289059204,0.06997797480394322,17,0.06088195726098464
TMLE,0.055634659376405445,0.007325961477708603,0.04127603861470978,0.0699932801381011,17,0.06088195726098464
Naive comparison,0.10450138119711046,0.004668763045696725,0.09535077370301452,0.1136519886912064,18,0.06088195726098464
Outcome regression,0.06386495229585261,,,,18,0.06088195726098464
IPW,0.07374474565124475,0.006337351508974022,0.061323764838309994,0.08616572646417951,18,0.06088195726098464
AIPW,0.07359855531814613,0.006222156843605321,0.06140335190232607,0.08579375873396619,18,0.06088195726098464
TMLE,0.07397190046780745,0.006198184034604506,0.061823682894607865,0.08612011804100704,18,0.06088195726098464
Naive comparison,0.08996725124559295,0.004616640772819538,0.08091880152993447,0.09901570096125142,19,0.06088195726098464
Outcome regression,0.04769416463692952,,,,19,0.06088195726098464
IPW,0.05532152940626496,0.006231083785511206,0.04310882950567928,0.06753422930685064,19,0.06088195726098464
AIPW,0.05429041550736552,0.006124331452501572,0.04228694633639473,0.06629388467833632,19,0.06088195726098464
TMLE,0.054222128511381,0.006120043860316573,0.04222706286673949,0.06621719415602251,19,0.06088195726098464
Naive comparison,0.09854724291141106,0.0047232274976780845,0.08928988705215193,0.1078045987706702,20,0.06088195726098464
Outcome regression,0.05461317723882582,,,,20,0.06088195726098464
IPW,0.059835052232533756,0.007700181683664061,0.04474297333909281,0.07492713112597471,20,0.06088195726098464
AIPW,0.058439615929466206,0.007579076148322407,0.04358489952549563,0.07329433233343678,20,0.06088195726098464
TMLE,0.05839650259917163,0.007561074853573731,0.04357706808486185,0.07321593711348141,20,0.06088195726098464
Naive comparison,0.09792879776659205,0.00468100030743676,0.08875420568002707,0.10710338985315704,21,0.06088195726098464
Outcome regression,0.05056973777074918,,,,21,0.06088195726098464
IPW,0.05490306910039819,0.0066871820317437845,0.041796433056733515,0.06800970514406286,21,0.06088195726098464
AIPW,0.05454092560008097,0.006592178250565911,0.0416204935473888,0.06746135765277313,21,0.06088195726098464
TMLE,0.054470781947130176,0.006588327573584134,0.04155789708269792,0.06738366681156244,21,0.06088195726098464
Naive comparison,0.09846916750606023,0.004633744854222067,0.08938719440659973,0.10755114060552073,22,0.06088195726098464
Outcome regression,0.055532466292941125,,,,22,0.06088195726098464
IPW,0.06483969194271083,0.006037407284498389,0.05300659101175623,0.07667279287366544,22,0.06088195726098464
AIPW,0.06301875516124994,0.005900603958092642,0.051453783825130855,0.07458372649736902,22,0.06088195726098464
TMLE,0.06346932838028452,0.005890417359900052,0.05192432240990537,0.07501433435066367,22,0.06088195726098464
Naive comparison,0.09661088054255856,0.004621897163453692,0.08755212849048721,0.10566963259462991,23,0.06088195726098464
Outcome regression,0.05931446571311775,,,,23,0.06088195726098464
IPW,0.06817368179967181,0.006134364648309704,0.05615054792611213,0.0801968156732315,23,0.06088195726098464
AIPW,0.06697892007794044,0.006068559191980339,0.05508476252978989,0.078873077626091,23,0.06088195726098464
TMLE,0.06739337628881709,0.006030598813748987,0.05557361971542636,0.07921313286220781,23,0.06088195726098464
Naive comparison,0.10321096150223764,0.004632635148337454,0.09413116338636157,0.11229075961811372,24,0.06088195726098464
Outcome regression,0.061408657653121736,,,,24,0.06088195726098464
IPW,0.06506580739764553,0.006689623036458826,0.05195438707261554,0.07817722772267552,24,0.06088195726098464
AIPW,0.0633017614663131,0.006512585845103974,0.05053732766299973,0.07606619526962646,24,0.06088195726098464
TMLE,0.0633896535787464,0.00651818079059258,0.05061425388369341,0.0761650532737994,24,0.06088195726098464
Naive comparison,0.09449070664105647,0.004578839473480178,0.08551634611125636,0.10346506717085657,25,0.06088195726098464
Outcome regression,0.053357112913073025,,,,25,0.06088195726098464
IPW,0.06109619067884879,0.006563318873872905,0.04823232196553735,0.07396005939216023,25,0.06088195726098464
AIPW,0.05911280039557113,0.0064707573339260974,0.04643034896834,0.07179525182280226,25,0.06088195726098464
TMLE,0.05935843477854762,0.006451715666068083,0.046713304334818156,0.07200356522227708,25,0.06088195726098464
Naive comparison,0.09390145710821148,0.004662343641960392,0.08476343141434022,0.10303948280208274,26,0.06088195726098464
Outcome regression,0.05218069042585939,,,,26,0.06088195726098464
IPW,0.05900087231889044,0.006564508498551292,0.046134671984035855,0.07186707265374502,26,0.06088195726098464
AIPW,0.0578578099718537,0.006532990423676984,0.04505338392910206,0.07066223601460533,26,0.06088195726098464
TMLE,0.05785273645772146,0.006508121699973416,0.045097052218154764,0.07060842069728816,26,0.06088195726098464
Naive comparison,0.10354292440085874,0.004660847647656537,0.09440783080196724,0.11267801799975025,27,0.06088195726098464
Outcome regression,0.06269524317780749,,,,27,0.06088195726098464
IPW,0.0720534742869429,0.006860705738796559,0.05860673802430825,0.08550021054957757,27,0.06088195726098464
AIPW,0.0695593656679251,0.006767795825683497,0.056294729490235174,0.08282400184561503,27,0.06088195726098464
TMLE,0.06960386636267843,0.006728990189570478,0.05641528783476712,0.08279244489058975,27,0.06088195726098464
Naive comparison,0.09834563642546322,0.004660588210233742,0.08921105131458065,0.10748022153634579,28,0.06088195726098464
Outcome regression,0.05573019198018892,,,,28,0.06088195726098464
IPW,0.06508584170327861,0.006586700205121368,0.05217614642244811,0.0779955369841091,28,0.06088195726098464
AIPW,0.06214439152896749,0.006468619999461775,0.04946612920034239,0.07482265385759258,28,0.06088195726098464
TMLE,0.062372893921630805,0.006465270117979228,0.04970119724011576,0.07504459060314585,28,0.06088195726098464
Naive comparison,0.09855025876526746,0.004626875234363489,0.08948174987342346,0.10761876765711147,29,0.06088195726098464
Outcome regression,0.0626627069713109,,,,29,0.06088195726098464
IPW,0.06963378195158361,0.006040860197164685,0.05779391343610792,0.08147365046705929,29,0.06088195726098464
AIPW,0.06851660878243626,0.005938833372105689,0.056876709171110505,0.08015650839376201,29,0.06088195726098464
TMLE,0.06851478780115507,0.005932808781818658,0.056886696169906645,0.08014287943240349,29,0.06088195726098464
Naive comparison,0.10034522295354392,0.004687923671933781,0.0911570613218059,0.10953338458528195,30,0.06088195726098464
Outcome regression,0.05187417600751369,,,,30,0.06088195726098464
IPW,0.0551395674529295,0.008040902519774984,0.03937968798666124,0.07089944691919775,30,0.06088195726098464
AIPW,0.054880934672091514,0.007495833137612589,0.0401893715723638,0.06957249777181923,30,0.06088195726098464
TMLE,0.05474693438978769,0.00762685627392728,0.039798570659716086,0.0696952981198593,30,0.06088195726098464
Naive comparison,0.10694760019324576,0.004665621393244784,0.09780315022485614,0.11609205016163537,31,0.06088195726098464
Outcome regression,0.06685990937762508,,,,31,0.06088195726098464
IPW,0.07614192581177748,0.006874177685552259,0.06266878501849173,0.08961506660506323,31,0.06088195726098464
AIPW,0.0756384131394991,0.006869793035648334,0.06217386610217764,0.08910296017682054,31,0.06088195726098464
TMLE,0.07532099298183721,0.00686588102167957,0.06186411335106203,0.08877787261261239,31,0.06088195726098464
Naive comparison,0.09902638171527542,0.004645341079023592,0.08992168043266802,0.10813108299788282,32,0.06088195726098464
Outcome regression,0.06576012023995284,,,,32,0.06088195726098464
IPW,0.07461686996385794,0.007521994356868738,0.05987403181619206,0.08935970811152383,32,0.06088195726098464
AIPW,0.0745727201269894,0.0075082418241891715,0.059856836448284295,0.0892886038056945,32,0.06088195726098464
TMLE,0.07391384956068582,0.007634992663102484,0.058949538800740824,0.08887816032063081,32,0.06088195726098464
Naive comparison,0.0923961656030838,0.004657626011568211,0.08326738629494651,0.10152494491122108,33,0.06088195726098464
Outcome regression,0.05383467340437341,,,,33,0.06088195726098464
IPW,0.06131582222839953,0.0067016414020205604,0.0481808463395297,0.07445079811726936,33,0.06088195726098464
AIPW,0.05902891831942794,0.006579946896163795,0.04613245928103517,0.07192537735782072,33,0.06088195726098464
TMLE,0.0590851356200754,0.006586226004665172,0.04617636975506783,0.07199390148508297,33,0.06088195726098464
Naive comparison,0.09783121877993682,0.004653311842689234,0.08871089508749226,0.10695154247238138,34,0.06088195726098464
Outcome regression,0.05810145087235372,,,,34,0.06088195726098464
IPW,0.06407290594719399,0.007385836088681876,0.04959693310347671,0.07854887879091127,34,0.06088195726098464
AIPW,0.06442427680980746,0.007315971637114741,0.0500852357760415,0.07876331784357342,34,0.06088195726098464
TMLE,0.06427117939658188,0.007293604388650506,0.049975977364584874,0.07856638142857887,34,0.06088195726098464
Naive comparison,0.09342285590900418,0.004714388109712541,0.08418282493193954,0.10266288688606881,35,0.06088195726098464
Outcome regression,0.0471485061550799,,,,35,0.06088195726098464
IPW,0.05397118750237474,0.007374563774195312,0.0395173079892478,0.06842506701550169,35,0.06088195726098464
AIPW,0.05319959380811508,0.007307743388394965,0.03887667984562293,0.06752250777060723,35,0.06088195726098464
TMLE,0.05309333422554164,0.007306484926694969,0.03877288680267686,0.06741378164840642,35,0.06088195726098464
Naive comparison,0.09416375963508987,0.004676240268673983,0.08499849705313853,0.10332902221704121,36,0.06088195726098464
Outcome regression,0.052234205214541064,,,,36,0.06088195726098464
IPW,0.060083021082021196,0.006531616039253341,0.04728128878326206,0.07288475338078033,36,0.06088195726098464
AIPW,0.05919161046901195,0.00646618479256966,0.04651812105822795,0.07186509987979596,36,0.06088195726098464
TMLE,0.05918874756107647,0.006450719989187261,0.04654556860818905,0.07183192651396389,36,0.06088195726098464
Naive comparison,0.0988016375647872,0.004689879610333977,0.08960964236419858,0.10799363276537582,37,0.06088195726098464
Outcome regression,0.050877534424156094,,,,37,0.06088195726098464
IPW,0.055469643339410984,0.006731410770848033,0.04227632055933659,0.06866296611948539,37,0.06088195726098464
AIPW,0.05377672732544707,0.006679631110553058,0.04068489081548306,0.06686856383541108,37,0.06088195726098464
TMLE,0.05380025335241745,0.00667718575491601,0.04071320965146925,0.06688729705336566,37,0.06088195726098464
Naive comparison,0.10191601728967623,0.004675961399191441,0.09275130128187137,0.11108073329748108,38,0.06088195726098464
Outcome regression,0.05651445631262709,,,,38,0.06088195726098464
IPW,0.06612815285087863,0.006695329954982555,0.0530055471709912,0.07925075853076606,38,0.06088195726098464
AIPW,0.0640130816880929,0.006577548284099092,0.051121323842996905,0.0769048395331889,38,0.06088195726098464
TMLE,0.06406876749608459,0.0065821954381870065,0.05116790139627383,0.07696963359589534,38,0.06088195726098464
Naive comparison,0.100756527688612,0.004678429838873668,0.09158697362789381,0.10992608174933019,39,0.06088195726098464
Outcome regression,0.06024026653029807,,,,39,0.06088195726098464
IPW,0.06295305332664174,0.006482609546627743,0.05024737198919504,0.07565873466408843,39,0.06088195726098464
AIPW,0.062344410632918255,0.006408337606164928,0.049784299624988815,0.0749045216408477,39,0.06088195726098464
TMLE,0.06226967737525444,0.006394858824757638,0.04973598429364716,0.07480337045686172,39,0.06088195726098464
Naive comparison,0.09596633014360365,0.004657952939518276,0.08683691006845365,0.10509575021875364,40,0.06088195726098464
Outcome regression,0.053987735178013425,,,,40,0.06088195726098464
IPW,0.06309569385750505,0.006241380399978123,0.050862812963242326,0.07532857475176777,40,0.06088195726098464
AIPW,0.06143214153303022,0.006172870897699868,0.049333536796890794,0.07353074626916964,40,0.06088195726098464
TMLE,0.06152687395824868,0.006142287704244359,0.04948821118028709,0.07356553673621027,40,0.06088195726098464
Naive comparison,0.10066578411490974,0.004689660184824473,0.09147421898042044,0.10985734924939905,41,0.06088195726098464
Outcome regression,0.06269228558390973,,,,41,0.06088195726098464
IPW,0.07132635250637505,0.006819127316012055,0.0579611084555748,0.0846915965571753,41,0.06088195726098464
AIPW,0.06949728225108702,0.006779084928416776,0.05621051983844756,0.08278404466372648,41,0.06088195726098464
TMLE,0.0697119037041126,0.006771030892466441,0.0564409269119905,0.08298288049623469,41,0.06088195726098464
Naive comparison,0.09908049799255653,0.0046906741702064,0.08988694548322211,0.10827405050189094,42,0.06088195726098464
Outcome regression,0.05512328704294833,,,,42,0.06088195726098464
IPW,0.06365373244847095,0.006542141812596,0.05083137001288804,0.07647609488405385,42,0.06088195726098464
AIPW,0.06285553810017022,0.00645995787583814,0.050194253222010994,0.07551682297832944,42,0.06088195726098464
TMLE,0.06278709354009132,0.006429716463802055,0.050185080740831986,0.07538910633935066,42,0.06088195726098464
Naive comparison,0.10216461436067469,0.004691061069960367,0.09297030354175088,0.11135892517959849,43,0.06088195726098464
Outcome regression,0.06003244429231076,,,,43,0.06088195726098464
IPW,0.06894861292360396,0.006580739341227219,0.0560506007214149,0.08184662512579302,43,0.06088195726098464
AIPW,0.06767022920105681,0.006507197867438275,0.05491635564000102,0.08042410276211259,43,0.06088195726098464
TMLE,0.0677473920297507,0.006501512242947024,0.055004662088015285,0.08049012197148613,43,0.06088195726098464
Naive comparison,0.09538043050562667,0.004704294134869719,0.08616018335587088,0.10460067765538246,44,0.06088195726098464
Outcome regression,0.05313087630472477,,,,44,0.06088195726098464
IPW,0.061261411840301094,0.0067926880737720395,0.04794798775247855,0.07457483592812364,44,0.06088195726098464
AIPW,0.061411309106675444,0.006832267051467803,0.048020311647412404,0.07480230656593849,44,0.06088195726098464
TMLE,0.06007748272311455,0.006913137861144301,0.04652798138823472,0.07362698405799438,44,0.06088195726098464
Naive comparison,0.09660647005521553,0.004592877348577636,0.08760459579558791,0.10560834431484314,45,0.06088195726098464
Outcome regression,0.0584596302663664,,,,45,0.06088195726098464
IPW,0.061086783454507965,0.007198242928326087,0.046978486451734254,0.07519508045728168,45,0.06088195726098464
AIPW,0.06117814991249175,0.0070285552168607825,0.04740243471543242,0.07495386510955107,45,0.06088195726098464
TMLE,0.06117632224147104,0.007049922581176174,0.04735872777957866,0.07499391670336342,45,0.06088195726098464
Naive comparison,0.10217275609457781,0.00468754364199152,0.09298533930784554,0.11136017288131007,46,0.06088195726098464
Outcome regression,0.057957872264614185,,,,46,0.06088195726098464
IPW,0.06632426774561412,0.00727149838682807,0.05207239268137302,0.08057614280985521,46,0.06088195726098464
AIPW,0.06530590927472608,0.0072772838977780184,0.05104269481730149,0.07956912373215068,46,0.06088195726098464
TMLE,0.06502293762064193,0.007273920031571989,0.050766316219881966,0.0792795590214019,46,0.06088195726098464
Naive comparison,0.10220241189697592,0.0046935454019551605,0.09300323187677827,0.11140159191717357,47,0.06088195726098464
Outcome regression,0.06151814453076876,,,,47,0.06088195726098464
IPW,0.06808014363611871,0.0070786038572768365,0.05420633490559497,0.08195395236664245,47,0.06088195726098464
AIPW,0.0683471475164948,0.006751568357967269,0.05511431659133984,0.08157997844164977,47,0.06088195726098464
TMLE,0.0682311352563516,0.006826285564820032,0.05485186129558468,0.08161040921711854,47,0.06088195726098464
Naive comparison,0.09266013844605832,0.0046597239617563865,0.08352724723107842,0.10179302966103822,48,0.06088195726098464
Outcome regression,0.04697328748190294,,,,48,0.06088195726098464
IPW,0.05274835764801143,0.006533157865776664,0.039943603424772336,0.06555311187125053,48,0.06088195726098464
AIPW,0.05358212584575903,0.006442512602720499,0.04095503307488055,0.0662092186166375,48,0.06088195726098464
TMLE,0.05356184923228869,0.006424700929005258,0.04096966670067183,0.06615403176390555,48,0.06088195726098464
Naive comparison,0.09629223242743075,0.004629524662011575,0.0872185307527759,0.1053659341020856,49,0.06088195726098464
Outcome regression,0.05430336414340093,,,,49,0.06088195726098464
IPW,0.05590411971889632,0.006597408181145277,0.042973437190546096,0.06883480224724654,49,0.06088195726098464
AIPW,0.05452363592499144,0.006591281255367819,0.04160496195059571,0.06744230989938717,49,0.06088195726098464
TMLE,0.054521596312700454,0.006590192847733788,0.04160505557808475,0.06743813704731616,49,0.06088195726098464
Naive comparison,0.09943484231479885,0.004685206525772555,0.09025200619171957,0.10861767843787813,50,0.06088195726098464
Outcome regression,0.059769115904771485,,,,50,0.06088195726098464
IPW,0.06653455975595715,0.006760393053122216,0.05328443274598752,0.07978468676592679,50,0.06088195726098464
AIPW,0.06589245723261372,0.00667398769890086,0.0528116816063252,0.07897323285890225,50,0.06088195726098464
TMLE,0.06616980890836258,0.0066717398025236884,0.05309343907804904,0.07924617873867612,50,0.06088195726098464
Naive comparison,0.09765146518667435,0.004611066456024794,0.08861394093125817,0.10668898944209053,51,0.06088195726098464
Outcome regression,0.05284140026913792,,,,51,0.06088195726098464
IPW,0.054594846631258256,0.006730620227830433,0.04140307328703881,0.0677866199754777,51,0.06088195726098464
AIPW,0.05323563865573084,0.006638641129792447,0.040224141032418316,0.06624713627904336,51,0.06088195726098464
TMLE,0.053228098052064333,0.006637382945818881,0.04021906642404537,0.06623712968008329,51,0.06088195726098464
Naive comparison,0.09517672339111392,0.004666053900338845,0.0860314257243902,0.10432202105783765,52,0.06088195726098464
Outcome regression,0.053505708433840254,,,,52,0.06088195726098464
IPW,0.05782799038821618,0.007056948610598515,0.04399662516159307,0.07165935561483928,52,0.06088195726098464
AIPW,0.05566943645313018,0.006912251198517298,0.04212167294507942,0.06921719996118095,52,0.06088195726098464
TMLE,0.0556959240437267,0.006923399349022312,0.04212631056201953,0.06926553752543387,52,0.06088195726098464
Naive comparison,0.09213373238528677,0.004659809460619257,0.08300067359561361,0.10126679117495993,53,0.06088195726098464
Outcome regression,0.04903716463413195,,,,53,0.06088195726098464
IPW,0.052544832148019874,0.006932109300917024,0.03895814747415734,0.06613151682188241,53,0.06088195726098464
AIPW,0.054287502333812,0.006907658691488727,0.040748739974206985,0.06782626469341702,53,0.06088195726098464
TMLE,0.05377486454506365,0.00686138226916361,0.04032680230726467,0.06722292678286264,53,0.06088195726098464
Naive comparison,0.10295981535189573,0.004642063796657371,0.09386153742474396,0.1120580932790475,54,0.06088195726098464
Outcome regression,0.06353183124956474,,,,54,0.06088195726098464
IPW,0.06762344958730476,0.006972310628434736,0.0539579717587553,0.08128892741585422,54,0.06088195726098464
AIPW,0.06776851255285224,0.006959806262259867,0.05412754283184834,0.08140948227385614,54,0.06088195726098464
TMLE,0.06779766248111067,0.006950523641799214,0.05417488636203532,0.08142043860018602,54,0.06088195726098464
Naive comparison,0.09605048494469334,0.004664747136721793,0.08690774848761555,0.10519322140177113,55,0.06088195726098464
Outcome regression,0.05533240532841169,,,,55,0.06088195726098464
IPW,0.05665927487869139,0.006726562567975393,0.04347545440171207,0.06984309535567071,55,0.06088195726098464
AIPW,0.05505810289246983,0.00663472844324077,0.042054273993941876,0.06806193179099779,55,0.06088195726098464
TMLE,0.055064357456753144,0.0066342503840655775,0.04206146553699844,0.06806724937650785,55,0.06088195726098464
Naive comparison,0.09598759572178976,0.00467599995500601,0.08682280414597636,0.10515238729760316,56,0.06088195726098464
Outcome regression,0.047151990346197034,,,,56,0.06088195726098464
IPW,0.05310906540765921,0.007110332986888976,0.039173068725344345,0.06704506208997407,56,0.06088195726098464
AIPW,0.05096712526537892,0.006992833857938988,0.03726142264583739,0.06467282788492046,56,0.06088195726098464
TMLE,0.05109139912680001,0.007019856522017864,0.03733273305847979,0.06485006519512024,56,0.06088195726098464
Naive comparison,0.09761900666603239,0.004685138754823766,0.08843630337157299,0.10680170996049179,57,0.06088195726098464
Outcome regression,0.054282489738799684,,,,57,0.06088195726098464
IPW,0.061605964102483354,0.006930415141002904,0.04802259992106274,0.07518932828390397,57,0.06088195726098464
AIPW,0.061408118729023464,0.006943050152618656,0.04779999037969639,0.07501624707835053,57,0.06088195726098464
TMLE,0.06104603432820688,0.0069164153831171825,0.04749010916825099,0.07460195948816276,57,0.06088195726098464
Naive comparison,0.0968531138796073,0.004626877119230516,0.08778460129349178,0.10592162646572281,58,0.06088195726098464
Outcome regression,0.06129244922908706,,,,58,0.06088195726098464
IPW,0.07058862938576554,0.006647047678608564,0.05756065522940919,0.0836166035421219,58,0.06088195726098464
AIPW,0.07008287730745673,0.006593888889089456,0.0571590924648414,0.08300666215007205,58,0.06088195726098464
TMLE,0.06979890578205472,0.006571470896763075,0.05691905939735138,0.08267875216675806,58,0.06088195726098464
Naive comparison,0.09534486672927611,0.004644146184772767,0.08624250739638414,0.10444722606216808,59,0.06088195726098464
Outcome regression,0.05158141183107699,,,,59,0.06088195726098464
IPW,0.05749601896303158,0.006642780138400323,0.04447640903185193,0.07051562889421123,59,0.06088195726098464
AIPW,0.05502122932593516,0.006525478852462663,0.042231525692347026,0.06781093295952328,59,0.06088195726098464
TMLE,0.05511029726800755,0.006519102444712276,0.0423330911640595,0.06788750337195561,59,0.06088195726098464
Naive comparison,0.09563566453459604,0.004665537140452139,0.08649137969864691,0.10477994937054518,60,0.06088195726098464
Outcome regression,0.0456607706914178,,,,60,0.06088195726098464
IPW,0.04544978353940422,0.007734872248254174,0.03028971238822698,0.060609854690581465,60,0.06088195726098464
AIPW,0.04459181733890943,0.007612302703988884,0.029671978081988556,0.0595116565958303,60,0.06088195726098464
TMLE,0.04465111639723024,0.0075803948627029645,0.029793815360547485,0.059508417433913,60,0.06088195726098464
Naive comparison,0.09569688461904031,0.004675451648961813,0.08653316770333452,0.1048606015347461,61,0.06088195726098464
Outcome regression,0.04913994519155092,,,,61,0.06088195726098464
IPW,0.05866580337529631,0.006722165288816994,0.0454906014071654,0.07184100534342722,61,0.06088195726098464
AIPW,0.057890767033228166,0.00678174189093922,0.04459879706969537,0.07118273699676096,61,0.06088195726098464
TMLE,0.05765705031604956,0.006712686662251091,0.04450042611475727,0.07081367451734186,61,0.06088195726098464
Naive comparison,0.09942623813499722,0.004705590638956693,0.0902034498839051,0.10864902638608934,62,0.06088195726098464
Outcome regression,0.0531729481121775,,,,62,0.06088195726098464
IPW,0.05979402828958773,0.006612036783716992,0.046834674226826634,0.07275338235234882,62,0.06088195726098464
AIPW,0.05917052408893007,0.006519406828744569,0.046392721403236546,0.0719483267746236,62,0.06088195726098464
TMLE,0.05905811253815248,0.006506438629088462,0.04630572705692974,0.07181049801937521,62,0.06088195726098464
Naive comparison,0.09376191009684312,0.004671193410887689,0.08460653917446605,0.1029172810192202,63,0.06088195726098464
Outcome regression,0.05236037261449316,,,,63,0.06088195726098464
IPW,0.055044166716458676,0.0067344888720054456,0.04184481096892739,0.06824352246398996,63,0.06088195726098464
AIPW,0.05310739212385594,0.006618163417820716,0.04013603007881038,0.06607875416890151,63,0.06088195726098464
TMLE,0.05310530225933903,0.00662027278685481,0.04012980592692393,0.06608079859175413,63,0.06088195726098464
Naive comparison,0.09660617442916526,0.004673118357818015,0.08744703068010283,0.1057653181782277,64,0.06088195726098464
Outcome regression,0.051726953984714275,,,,64,0.06088195726098464
IPW,0.05648708029323175,0.006575581948828234,0.04359917639447857,0.06937498419198493,64,0.06088195726098464
AIPW,0.055102557774730755,0.006513640151970283,0.04233605756791447,0.06786905798154703,64,0.06088195726098464
TMLE,0.055058403085526966,0.00650747165771808,0.04230399290537921,0.06781281326567473,64,0.06088195726098464
Naive comparison,0.09581464604861747,0.004646568839387257,0.08670753839989667,0.10492175369733828,65,0.06088195726098464
Outcome regression,0.05889812246012363,,,,65,0.06088195726098464
IPW,0.06657075946545689,0.006616110726240053,0.05360342062201253,0.07953809830890125,65,0.06088195726098464
AIPW,0.06638989837638601,0.006494727510798752,0.05366046626541084,0.07911933048736117,65,0.06088195726098464
TMLE,0.06652683794707591,0.00648371062635756,0.05381899853299764,0.07923467736115418,65,0.06088195726098464
Naive comparison,0.09374334649416792,0.0046549218502861,0.08461986724479377,0.10286682574354207,66,0.06088195726098464
Outcome regression,0.05307424186465222,,,,66,0.06088195726098464
IPW,0.057333308555651386,0.006362801074573985,0.04486244751032506,0.06980416960097771,66,0.06088195726098464
AIPW,0.055502442030855074,0.0062233214574525545,0.043304956013820534,0.06769992804788962,66,0.06088195726098464
TMLE,0.055539622342908705,0.006210998033279143,0.043366289793610784,0.06771295489220663,66,0.06088195726098464
Naive comparison,0.09001927824634,0.004620948855568781,0.08096238484358399,0.099076171649096,67,0.06088195726098464
Outcome regression,0.044185378501977644,,,,67,0.06088195726098464
IPW,0.05025527604626527,0.006737078766129305,0.03705084419948741,0.06345970789304313,67,0.06088195726098464
AIPW,0.04925124185307536,0.006663395991229185,0.036191225592521845,0.06231125811362888,67,0.06088195726098464
TMLE,0.04910780072076429,0.00665484257144246,0.03606454885506964,0.062151052586458935,67,0.06088195726098464
Naive comparison,0.09730413095355767,0.004626138594086018,0.08823706585013846,0.10637119605697687,68,0.06088195726098464
Outcome regression,0.054824496405622605,,,,68,0.06088195726098464
IPW,0.06276202475133222,0.006860293845963731,0.04931609578382176,0.07620795371884267,68,0.06088195726098464
AIPW,0.060175026946275356,0.006640113710017401,0.04716064311873481,0.0731894107738159,68,0.06088195726098464
TMLE,0.06039469558344851,0.006624035638632033,0.04741182419701272,0.0733775669698843,68,0.06088195726098464
Naive comparison,0.10032964862899892,0.0046904153981697765,0.09113660330354048,0.10952269395445735,69,0.06088195726098464
Outcome regression,0.05127428036269836,,,,69,0.06088195726098464
IPW,0.05958330750077047,0.006275527123352816,0.04728350025797539,0.07188311474356554,69,0.06088195726098464
AIPW,0.05716568706331887,0.006129275111661519,0.04515252849836632,0.06917884562827142,69,0.06088195726098464
TMLE,0.05732611438707717,0.006128652520726051,0.04531417607794486,0.06933805269620949,69,0.06088195726098464
Naive comparison,0.10645829807876815,0.004699986031070542,0.09724649465736701,0.11567010150016929,70,0.06088195726098464
Outcome regression,0.06505587600183603,,,,70,0.06088195726098464
IPW,0.06740312549338119,0.007015207747115613,0.05365357085651348,0.0811526801302489,70,0.06088195726098464
AIPW,0.06654495916988626,0.0069282348245110715,0.05296586833029824,0.08012405000947427,70,0.06088195726098464
TMLE,0.06655903731408916,0.006936079947719532,0.052964570315437,0.08015350431274132,70,0.06088195726098464
Naive comparison,0.10075938945559546,0.004676978882886597,0.09159267921637751,0.1099260996948134,71,0.06088195726098464
Outcome regression,0.059059896470005126,,,,71,0.06088195726098464
IPW,0.06613075582149977,0.0069854151386641895,0.05243959362466295,0.07982191801833659,71,0.06088195726098464
AIPW,0.06551573209437551,0.007022043416855955,0.05175277979090085,0.07927868439785019,71,0.06088195726098464
TMLE,0.06473217764557006,0.0069697390009980644,0.05107174011421789,0.07839261517692223,71,0.06088195726098464
Naive comparison,0.0962912140360863,0.004674232846173336,0.08712988592996902,0.10545254214220358,72,0.06088195726098464
Outcome regression,0.0535908382825979,,,,72,0.06088195726098464
IPW,0.05960547945394162,0.006587489136750641,0.04669423789551929,0.07251672101236396,72,0.06088195726098464
AIPW,0.058252536769301304,0.006455985282099243,0.04559903803185694,0.07090603550674567,72,0.06088195726098464
TMLE,0.05833579368702438,0.006457831630144514,0.045678676173879815,0.07099291120016894,72,0.06088195726098464
Naive comparison,0.10399469295746522,0.0046314649899479665,0.09491718830990684,0.1130721976050236,73,0.06088195726098464
Outcome regression,0.06305186451106437,,,,73,0.06088195726098464
IPW,0.07276711002675842,0.006267330712859326,0.06048336745345981,0.08505085260005704,73,0.06088195726098464
AIPW,0.07123780558141607,0.006247852748547498,0.05899223911696192,0.08348337204587022,73,0.06088195726098464
TMLE,0.07119616591421925,0.006221265804779473,0.05900270890242045,0.08338962292601804,73,0.06088195726098464
Naive comparison,0.09126214046701056,0.0046822544088816805,0.08208509038676119,0.10043919054725993,74,0.06088195726098464
Outcome regression,0.051194936399745136,,,,74,0.06088195726098464
IPW,0.056427454026451024,0.006640195561403988,0.04341290977313941,0.06944199827976263,74,0.06088195726098464
AIPW,0.05548204793738434,0.006589645538249894,0.04256657990965393,0.06839751596511476,74,0.06088195726098464
TMLE,0.05570490335488912,0.006572591625107144,0.04282286038297762,0.06858694632680062,74,0.06088195726098464
Naive comparison,0.09489308260513184,0.0046363362397505775,0.08580603048332533,0.10398013472693834,75,0.06088195726098464
Outcome regression,0.04716606484686733,,,,75,0.06088195726098464
IPW,0.055013530548740266,0.006661584772665327,0.04195706421136804,0.0680699968861125,75,0.06088195726098464
AIPW,0.05388009276376568,0.006605420496088321,0.04093370638657043,0.06682647914096093,75,0.06088195726098464
TMLE,0.05388726710864643,0.006577545502774425,0.04099551471484665,0.0667790195024462,75,0.06088195726098464
Naive comparison,0.0952405424985561,0.004648993700638927,0.08612868220907702,0.10435240278803518,76,0.06088195726098464
Outcome regression,0.04978189731635798,,,,76,0.06088195726098464
IPW,0.0548906553799461,0.006393929814313233,0.04235878312536548,0.06742252763452672,76,0.06088195726098464
AIPW,0.05307397401645155,0.006267057395434593,0.040790767135465984,0.06535718089743711,76,0.06088195726098464
TMLE,0.053117664730415806,0.00626471399526038,0.04083905082940929,0.06539627863142232,76,0.06088195726098464
Naive comparison,0.09785025870362869,0.004659311415215614,0.08871817606501703,0.10698234134224036,77,0.06088195726098464
Outcome regression,0.05703624928770587,,,,77,0.06088195726098464
IPW,0.06083988841315012,0.00697345784973369,0.047172162072154675,0.07450761475414557,77,0.06088195726098464
AIPW,0.05889879381555215,0.006812836721537016,0.04554587910346158,0.07225170852764273,77,0.06088195726098464
TMLE,0.05899931299149766,0.006822436787745906,0.04562758249524004,0.07237104348775528,77,0.06088195726098464
Naive comparison,0.10202298864287077,0.004655703093673767,0.09289797818458155,0.11114799910115998,78,0.06088195726098464
Outcome regression,0.05859735875340185,,,,78,0.06088195726098464
IPW,0.06373855927869702,0.007027802039539238,0.04996432028207354,0.07751279827532051,78,0.06088195726098464
AIPW,0.06303081976373937,0.006979034340589362,0.049352163701420475,0.07670947582605825,78,0.06088195726098464
TMLE,0.06299721842278118,0.006986695760327905,0.04930354625358586,0.07669089059197651,78,0.06088195726098464
Naive comparison,0.09837691889238281,0.004676568455379352,0.08921101307630368,0.10754282470846195,79,0.06088195726098464
Outcome regression,0.058177066948975065,,,,79,0.06088195726098464
IPW,0.06638170047044069,0.006241427039196257,0.05414872816498943,0.07861467277589194,79,0.06088195726098464
AIPW,0.06483163874096665,0.006206304581131003,0.052667505188914804,0.07699577229301849,79,0.06088195726098464
TMLE,0.06475853534154465,0.006185425331359751,0.05263532436739146,0.07688174631569783,79,0.06088195726098464
Naive comparison,0.09712310197172591,0.004695119517439615,0.08792083674184689,0.10632536720160493,80,0.06088195726098464
Outcome regression,0.05133306727402463,,,,80,0.06088195726098464
IPW,0.057550850194108105,0.006927116577738743,0.04397395107793697,0.07112774931027924,80,0.06088195726098464
AIPW,0.056216274553302185,0.006768826227439818,0.04294961882526433,0.06948293028134005,80,0.06088195726098464
TMLE,0.05628895930996987,0.006767888132039884,0.043024142215144445,0.06955377640479529,80,0.06088195726098464
Naive comparison,0.1028753387238556,0.004662326152534409,0.09373734730862965,0.11201333013908155,81,0.06088195726098464
Outcome regression,0.06421195192408745,,,,81,0.06088195726098464
IPW,0.0720121831192131,0.006595041374662005,0.059086139446365066,0.08493822679206114,81,0.06088195726098464
AIPW,0.07148875772193718,0.006506180980490365,0.05873687722269136,0.084240638221183,81,0.06088195726098464
TMLE,0.07149457144498474,0.006504122106042851,0.058746726265536564,0.08424241662443291,81,0.06088195726098464
Naive comparison,0.0976901229884316,0.004689300416829512,0.08849926298626076,0.10688098299060245,82,0.06088195726098464
Outcome regression,0.05591445793395085,,,,82,0.06088195726098464
IPW,0.06040800195439401,0.00656919144033556,0.04753262322222816,0.07328338068655986,82,0.06088195726098464
AIPW,0.059644378069493735,0.006507957252483934,0.046889016141086315,0.07239973999790116,82,0.06088195726098464
TMLE,0.0594879820685227,0.006500635874604164,0.04674696977719003,0.07222899435985537,82,0.06088195726098464
Naive comparison,0.09686095123700848,0.004707301312237302,0.08763481012787061,0.10608709234614636,83,0.06088195726098464
Outcome regression,0.0511909202596674,,,,83,0.06088195726098464
IPW,0.060397666354512186,0.006987060000863882,0.04670328028697901,0.07409205242204536,83,0.06088195726098464
AIPW,0.05773210979755969,0.006782665169020778,0.04443833024222505,0.07102588935289433,83,0.06088195726098464
TMLE,0.058037846891639544,0.0068182887928343455,0.044674246316080767,0.07140144746719831,83,0.06088195726098464
Naive comparison,0.0992152617969324,0.004684051563550959,0.09003468935822881,0.10839583423563598,84,0.06088195726098464
Outcome regression,0.060044975654740686,,,,84,0.06088195726098464
IPW,0.07031289787241207,0.006627398837462875,0.057323434737342985,0.08330236100748116,84,0.06088195726098464
AIPW,0.06948308709142925,0.006577369964812686,0.05659167874571512,0.08237449543714338,84,0.06088195726098464
TMLE,0.0692294920600635,0.006547051471206978,0.056397506870350785,0.08206147724977621,84,0.06088195726098464
Naive comparison,0.09527413084351893,0.0046592458060265955,0.08614217679655582,0.10440608489048205,85,0.06088195726098464
Outcome regression,0.04851835964505864,,,,85,0.06088195726098464
IPW,0.053069383913180515,0.007110938454403567,0.039132200536333886,0.06700656729002714,85,0.06088195726098464
AIPW,0.05089373877515892,0.0070678677694253865,0.03704097239032486,0.06474650515999297,85,0.06088195726098464
TMLE,0.0510337747352763,0.007072166407975499,0.03717258317363501,0.0648949662969176,85,0.06088195726098464
Naive comparison,0.09609922438903025,0.004644753247931208,0.08699567523420201,0.10520277354385849,86,0.06088195726098464
Outcome regression,0.05612022034719734,,,,86,0.06088195726098464
IPW,0.06027935946317911,0.0064935947503197795,0.04755214752196335,0.07300657140439487,86,0.06088195726098464
AIPW,0.05820390505553815,0.006362706830965013,0.04573322872429264,0.07067458138678366,86,0.06088195726098464
TMLE,0.05823635060742128,0.006364879344021128,0.04576141622879625,0.0707112849860463,86,0.06088195726098464
Naive comparison,0.10224850821515061,0.004634616095456963,0.0931648275142344,0.11133218891606682,87,0.06088195726098464
Outcome regression,0.05957343719567924,,,,87,0.06088195726098464
IPW,0.06578026583122146,0.006935599518988655,0.052186740455586376,0.07937379120685653,87,0.06088195726098464
AIPW,0.06381222312022733,0.006926342467883149,0.0502368412315052,0.07738760500894945,87,0.06088195726098464
TMLE,0.06351309122517962,0.006903246188934195,0.049982977211731394,0.07704320523862784,87,0.06088195726098464
Naive comparison,0.09136440257711312,0.0046455092322568005,0.08225937172022216,0.10046943343400408,88,0.06088195726098464
Outcome regression,0.048000972077681794,,,,88,0.06088195726098464
IPW,0.04803319111974917,0.007571536169388977,0.03319325280304888,0.06287312943644947,88,0.06088195726098464
AIPW,0.04756291227809936,0.007351113465328611,0.033154994526140034,0.06197083003005869,88,0.06088195726098464
TMLE,0.047596051268594265,0.007338064839898655,0.033213708352727134,0.0619783941844614,88,0.06088195726098464
Naive comparison,0.10140415863278156,0.0046557987327119415,0.09227896072542052,0.11052935654014259,89,0.06088195726098464
Outcome regression,0.05526789317885361,,,,89,0.06088195726098464
IPW,0.06036662859088719,0.006484338131827412,0.04765755928867821,0.07307569789309618,89,0.06088195726098464
AIPW,0.05873862091616481,0.006321971228050631,0.04634778490014978,0.07112945693217984,89,0.06088195726098464
TMLE,0.058848475115934426,0.006326490633854497,0.04644878122724243,0.07124816900462642,89,0.06088195726098464
Naive comparison,0.10181674809064102,0.004663738379911788,0.09267598876059559,0.11095750742068645,90,0.06088195726098464
Outcome regression,0.05870526264773966,,,,90,0.06088195726098464
IPW,0.06516009797707473,0.006475258704249547,0.05246882402605897,0.07785137192809048,90,0.06088195726098464
AIPW,0.0634862017854189,0.006302816301060456,0.051132908736727246,0.07583949483411057,90,0.06088195726098464
TMLE,0.06361836271655957,0.006306968360672371,0.05125693178050271,0.07597979365261644,90,0.06088195726098464
Naive comparison,0.0979301239624575,0.004654937810241539,0.08880661343214524,0.10705363449276975,91,0.06088195726098464
Outcome regression,0.05434819927489372,,,,91,0.06088195726098464
IPW,0.061968493387086876,0.006829296365884895,0.04858331836462165,0.0753536684095521,91,0.06088195726098464
AIPW,0.05984168854841531,0.006641659574736672,0.04682427488167612,0.0728591022151545,91,0.06088195726098464
TMLE,0.060353683389445835,0.006641935684365106,0.04733572855777486,0.07337163822111681,91,0.06088195726098464
Naive comparison,0.09845429728690958,0.004648701820773626,0.08934300907145881,0.10756558550236034,92,0.06088195726098464
Outcome regression,0.0629834698405806,,,,92,0.06088195726098464
IPW,0.07034739064108127,0.006727715304173724,0.05716131084265172,0.08353347043951082,92,0.06088195726098464
AIPW,0.06882181448122904,0.006685739457267612,0.05571800583160498,0.0819256231308531,92,0.06088195726098464
TMLE,0.06892189438743852,0.006692802040111494,0.055804243329693436,0.0820395454451836,92,0.06088195726098464
Naive comparison,0.10043757601053065,0.004642848719855873,0.09133775966216705,0.10953739235889424,93,0.06088195726098464
Outcome regression,0.06111616620311757,,,,93,0.06088195726098464
IPW,0.06632663412092488,0.006594486885929275,0.05340167722603139,0.07925159101581836,93,0.06088195726098464
AIPW,0.0637969288607651,0.0064985168213844225,0.0510600698374572,0.076533787884073,93,0.06088195726098464
TMLE,0.06383789850151687,0.006503119244988281,0.051092018893632664,0.07658377810940109,93,0.06088195726098464
Naive comparison,0.11025761606099137,0.004690817443877809,0.10106378274041884,0.11945144938156389,94,0.06088195726098464
Outcome regression,0.07188541655189327,,,,94,0.06088195726098464
IPW,0.08390474376133986,0.006318443258152251,0.07152082243931873,0.09628866508336098,94,0.06088195726098464
AIPW,0.08282092454125752,0.006259309914496934,0.07055290244400045,0.09508894663851458,94,0.06088195726098464
TMLE,0.0834378029726108,0.006226567645166682,0.07123395454451933,0.09564165140070227,94,0.06088195726098464
Naive comparison,0.09611149557232287,0.004614384695348149,0.08706746768728954,0.10515552345735621,95,0.06088195726098464
Outcome regression,0.05369552247104977,,,,95,0.06088195726098464
IPW,0.057568919879236055,0.006543826731990226,0.044743255062297566,0.07039458469617454,95,0.06088195726098464
AIPW,0.05623623155308649,0.0064856258118110915,0.043524638444465975,0.068947824661707,95,0.06088195726098464
TMLE,0.05624301267799798,0.006478070602406423,0.043546227507823075,0.06893979784817288,95,0.06088195726098464
Naive comparison,0.09902297039707779,0.004682377086449734,0.08984567987321142,0.10820026092094416,96,0.06088195726098464
Outcome regression,0.057599264045132735,,,,96,0.06088195726098464
IPW,0.0658422270701031,0.007078077822300207,0.05196944934919629,0.0797150047910099,96,0.06088195726098464
AIPW,0.06549272449266272,0.00704033538326479,0.05169392059353753,0.07929152839178791,96,0.06088195726098464
TMLE,0.06556334354357994,0.0070195344508793564,0.05180530872309663,0.07932137836406325,96,0.06088195726098464
Naive comparison,0.09971250856292788,0.00465088175797558,0.09059694774903902,0.10882806937681673,97,0.06088195726098464
Outcome regression,0.0528061948121333,,,,97,0.06088195726098464
IPW,0.055908757411881393,0.006812988517313289,0.04255554518553397,0.06926196963822881,97,0.06088195726098464
AIPW,0.053825532485982,0.006649007467540382,0.040793717213871684,0.06685734775809232,97,0.06088195726098464
TMLE,0.05385815378153372,0.0066495846635574235,0.040825207226009054,0.06689110033705838,97,0.06088195726098464
Naive comparison,0.09918136827552014,0.00466053713909142,0.09004688326223796,0.10831585328880232,98,0.06088195726098464
Outcome regression,0.06197378281161092,,,,98,0.06088195726098464
IPW,0.07086620836079027,0.00698970433973945,0.05716663948425718,0.08456577723732336,98,0.06088195726098464
AIPW,0.07048785766261607,0.00686678870239215,0.05702919901032075,0.0839465163149114,98,0.06088195726098464
TMLE,0.07070634335669723,0.006857332178478177,0.05726621915083843,0.08414646756255603,98,0.06088195726098464
Naive comparison,0.092280527561506,0.004625303286999197,0.0832150996299059,0.10134595549310609,99,0.06088195726098464
Outcome regression,0.04699500455129949,,,,99,0.06088195726098464
IPW,0.05045986142147581,0.006793128874331583,0.03714557338042538,0.06377414946252623,99,0.06088195726098464
AIPW,0.04952055364268603,0.006690156630095566,0.036408087493337404,0.06263301979203466,99,0.06088195726098464
TMLE,0.049441666361530384,0.006675701636450168,0.03635753147934696,0.0625258012437138,99,0.06088195726098464
